{"cameraMode":{"drawMode":0,"name":"Shaded","section":"Shading Mode"},"sceneLighting":true,"audioPlay":false,"sceneViewState":{"showFog":true,"showMaterialUpdate":false,"showSkybox":true,"showFlares":true,"showImageEffects":true,"showParticleSystems":true},"in2DMode":false,"pivot":{"x":2.9530508518218996,"y":-4.59583854675293,"z":4.017760753631592},"rotation":{"x":0.3759092390537262,"y":-0.08324387669563294,"z":0.03391851484775543,"w":0.9223603010177612},"size":30.941585540771486,"orthographic":false}