{"cameraMode":{"drawMode":0,"name":"Shaded","section":"Shading Mode"},"sceneLighting":false,"audioPlay":false,"sceneViewState":{"showFog":true,"showMaterialUpdate":false,"showSkybox":false,"showFlares":true,"showImageEffects":true,"showParticleSystems":true},"in2DMode":false,"pivot":{"x":642.6201171875,"y":1010.8533935546875,"z":0.0},"rotation":{"x":0.1435014009475708,"y":-0.0074235135689377789,"z":0.0010839939350262285,"w":0.9896399974822998},"size":3440.591064453125,"orthographic":false}