{"cameraMode":{"drawMode":0,"name":"Shaded","section":"Shading Mode"},"sceneLighting":false,"audioPlay":false,"sceneViewState":{"showFog":true,"showMaterialUpdate":false,"showSkybox":false,"showFlares":true,"showImageEffects":true,"showParticleSystems":true},"in2DMode":false,"pivot":{"x":2.0441842079162599,"y":1.4857351779937745,"z":0.3455880880355835},"rotation":{"x":-0.1619972437620163,"y":0.680234968662262,"z":-0.1580604910850525,"w":-0.6971800327301025},"size":1.342116117477417,"orthographic":false}